{"train_action_samples":{"format":"png","count":8,"filenames":["media/images/train_action_samples_24084_e8ee8d2ea50587da5099.png","media/images/train_action_samples_24084_eb84d036b8e53ecd57d4.png","media/images/train_action_samples_24084_4dbbe0ef779fe82836f5.png","media/images/train_action_samples_24084_d2bececaaf6cea442d1a.png","media/images/train_action_samples_24084_aa77d523793255860926.png","media/images/train_action_samples_24084_e4ee8d2a70d45381ebc7.png","media/images/train_action_samples_24084_2f4dc760181dbc197f27.png","media/images/train_action_samples_24084_507be9c70716ec08879f.png"],"_type":"images/separated","width":1850,"height":1050},"uc_action_loss (train)":43.505985260009766,"_step":25386,"gc_action_waypts_cos_sim (train)":0.4878126382827759,"dist_loss":153.30001831054688,"_runtime":2640,"gc_action_loss (train)":33.888973236083984,"_wandb":{"runtime":2640},"_timestamp":1.7688286864118452e+09,"diffusion_loss":1.223076343536377,"total_loss":1.2382839918136597,"gc_multi_action_waypts_cos_sim (train)":0.52325439453125,"uc_multi_action_waypts_cos_sim (train)":0.5556760430335999,"gc_dist_loss (train)":157.9460906982422,"uc_action_waypts_cos_sim (train)":0.4623500406742096}