{"_timestamp":1.7688348117991164e+09,"gc_action_waypts_cos_sim (train)":0.47097933292388916,"gc_action_loss (train)":33.74704360961914,"_runtime":62,"_step":303,"uc_action_loss (train)":41.78387451171875,"diffusion_loss":1.0233564376831055,"uc_multi_action_waypts_cos_sim (train)":0.5048953294754028,"_wandb":{"runtime":62},"gc_multi_action_waypts_cos_sim (train)":0.45039841532707214,"uc_action_waypts_cos_sim (train)":0.5076999664306641,"total_loss":1.03687584400177,"train_action_samples":{"height":1050,"format":"png","count":8,"filenames":["media/images/train_action_samples_4_f9ed085d4fca48f214f9.png","media/images/train_action_samples_4_e3531fb65e92a8903f6d.png","media/images/train_action_samples_4_5f9debbc2ff244e660c0.png","media/images/train_action_samples_4_28a4fc1757188f5f2a93.png","media/images/train_action_samples_4_087636cebcc02e2e3a7c.png","media/images/train_action_samples_4_3d40e22c589283999b60.png","media/images/train_action_samples_4_47a7b3bf84a7b9973708.png","media/images/train_action_samples_4_9914707bcf53231c4a84.png"],"_type":"images/separated","width":1850},"gc_dist_loss (train)":103.59144592285156,"dist_loss":136.21865844726562}