{"dist_loss":153.30001831054688,"gc_action_waypts_cos_sim (train)":0.48781272768974304,"uc_multi_action_waypts_cos_sim (train)":0.5556760430335999,"diffusion_loss":1.2230762243270874,"gc_action_loss (train)":33.88896942138672,"gc_multi_action_waypts_cos_sim (train)":0.5232545137405396,"uc_action_loss (train)":43.505985260009766,"uc_action_waypts_cos_sim (train)":0.4623500406742096,"_step":25386,"_timestamp":1.7688374721709096e+09,"gc_dist_loss (train)":157.9460906982422,"_wandb":{"runtime":2605},"train_action_samples":{"height":1050,"format":"png","count":8,"filenames":["media/images/train_action_samples_24084_e0669a259b8967044f28.png","media/images/train_action_samples_24084_cf469ce63cfcb79b1edb.png","media/images/train_action_samples_24084_211a9011f08d752e69f5.png","media/images/train_action_samples_24084_a360342cfd165a10250e.png","media/images/train_action_samples_24084_10b7fc9af48d97ccd05e.png","media/images/train_action_samples_24084_f20bd2d582e9df0c5ce1.png","media/images/train_action_samples_24084_b78b76e8afc032508e36.png","media/images/train_action_samples_24084_507be9c70716ec08879f.png"],"_type":"images/separated","width":1850},"_runtime":2605,"total_loss":1.2382838726043701}