{"uc_multi_action_waypts_cos_sim (train)":0.5556760430335999,"_step":25386,"dist_loss":153.30001831054688,"_wandb":{"runtime":2650},"_timestamp":1.7688315497912147e+09,"uc_action_loss (train)":43.505985260009766,"total_loss":1.2382838726043701,"train_action_samples":{"format":"png","count":8,"filenames":["media/images/train_action_samples_24084_615bed115c8757783c6d.png","media/images/train_action_samples_24084_5f8afaa6a54fd23beb15.png","media/images/train_action_samples_24084_d12cf852bcbea2fa82b1.png","media/images/train_action_samples_24084_a083d2f12c4319d66865.png","media/images/train_action_samples_24084_419c28c2c059e54a6fc9.png","media/images/train_action_samples_24084_8b36e0deb112782d2c8e.png","media/images/train_action_samples_24084_8ede0bdbb638bb9c0c59.png","media/images/train_action_samples_24084_3a158a3adcfdab12acd8.png"],"_type":"images/separated","width":1850,"height":1050},"gc_action_loss (train)":33.888973236083984,"diffusion_loss":1.2230762243270874,"gc_action_waypts_cos_sim (train)":0.4878126382827759,"gc_dist_loss (train)":157.9460906982422,"gc_multi_action_waypts_cos_sim (train)":0.52325439453125,"_runtime":2650,"uc_action_waypts_cos_sim (train)":0.4623500406742096}