{"uc_action_waypts_cos_sim (train)":0.4623500406742096,"train_action_samples":{"height":1050,"format":"png","count":8,"filenames":["media/images/train_action_samples_24084_0f2ee07eb8957d47511c.png","media/images/train_action_samples_24084_ad912497a0bd7f295ed8.png","media/images/train_action_samples_24084_f373e5dde1c4d31520b3.png","media/images/train_action_samples_24084_928a4c13879dc4bbf7b0.png","media/images/train_action_samples_24084_44e123fae5024ab67210.png","media/images/train_action_samples_24084_f23b4aa69a4b4b14fd89.png","media/images/train_action_samples_24084_be3e7b4d07c014bff436.png","media/images/train_action_samples_24084_d2479e4c324f44fb7ffa.png"],"_type":"images/separated","width":1850},"dist_loss":153.30001831054688,"uc_action_loss (train)":43.505985260009766,"gc_dist_loss (train)":157.9460906982422,"_timestamp":1.7688345026830199e+09,"_wandb":{"runtime":2666},"_step":25386,"diffusion_loss":1.2230762243270874,"total_loss":1.2382838726043701,"uc_multi_action_waypts_cos_sim (train)":0.5556760430335999,"gc_multi_action_waypts_cos_sim (train)":0.5232544541358948,"gc_action_loss (train)":33.888973236083984,"_runtime":2666,"gc_action_waypts_cos_sim (train)":0.4878126382827759}