{"_timestamp":1.7689073730771239e+09,"gc_action_loss (train)":33.888973236083984,"uc_action_waypts_cos_sim (train)":0.4623500406742096,"gc_dist_loss (train)":157.9460906982422,"uc_action_loss (train)":43.505985260009766,"diffusion_eval_loss (no masking)":1.1067097187042236,"total_loss":1.2382838726043701,"uc_multi_action_waypts_cos_sim (train)":0.5556760430335999,"_wandb":{"runtime":2567},"_runtime":2567,"_step":25389,"diffusion_eval_loss (goal masking)":1.1032910346984863,"dist_loss":153.30001831054688,"gc_action_waypts_cos_sim (train)":0.4878126382827759,"gc_multi_action_waypts_cos_sim (train)":0.52325439453125,"diffusion_eval_loss (random masking)":1.0981557369232178,"diffusion_loss":1.2230762243270874,"train_action_samples":{"filenames":["media/images/train_action_samples_24084_fc3c7e79599b2fb035d9.png","media/images/train_action_samples_24084_569de9913574a686ef13.png","media/images/train_action_samples_24084_4dbbe0ef779fe82836f5.png","media/images/train_action_samples_24084_d2bececaaf6cea442d1a.png","media/images/train_action_samples_24084_3ff86bbdaf6dbcf5b17b.png","media/images/train_action_samples_24084_e4ee8d2a70d45381ebc7.png","media/images/train_action_samples_24084_2f4dc760181dbc197f27.png","media/images/train_action_samples_24084_507be9c70716ec08879f.png"],"_type":"images/separated","width":1850,"height":1050,"format":"png","count":8}}